global_rank,run_rank,score,idea_name,idea_id,market,target_user,run_id,run_date,idea_slug,core_loop,evidence_summary,cost_profile,backend_required,backend_notes,external_api_required,external_api_list,external_api_cost_risk,ai_required,ai_usage_notes,data_sensitivity,mvp_complexity,build_effort_estimate,ops_cost_estimate,review_risk,reason_to_build_now,reason_to_skip
1,2,9.1,NeuroDash,neurodash_002,ADHD focus management,"Adults with ADHD, autism, or other neurodivergent conditions seeking flexible productivity support",app_factory_220354,2026-01-06,neurodash,Energy level check-in → Adaptive task suggestions → Flexible focus sessions → Pattern recognition and adjustment,Neurodivergent users abandoning productivity apps within weeks due to inflexible structure requirements,unknown,False,,False,,low,none,,low,M,8h,low,low,Strong market signal with clear user demand,Market validation needed
2,2,8.9,FocusFlow AI,focusflow_ai_002,ADHD focus management,Adults with ADHD seeking executive function support without overwhelming structure,run_185842,2026-01-06,focusflow_ai,Energy level check-in → AI-suggested task matching → Focus session with adaptive breaks → Pattern learning and adjustment,"ADHD research showing 'disorder of doing what you know' and need for visual, adaptive systems that don't demand rigid adherence",unknown,False,,False,,low,none,,low,M,8h,low,low,Strong market signal with clear user demand,Market validation needed
3,1,8.7,MindSafe,cognitive_offload_001,Cognitive burden reduction,Knowledge workers struggling with information overload and decision fatigue,market-batch-2026-01-07-run,2026-01-07,mindsafe,Passively capture user context and decisions → AI learns patterns and preferences → Proactively surface relevant information → User confirms or adjusts recommendations,Users report: 'I'm tired of apps that require more mental energy to maintain than they save' and 'need something that actually reduces the cognitive load',unknown,False,,False,,low,none,,low,M,8h,low,low,Strong market signal with clear user demand,Market validation needed
4,3,8.7,Burnout Early Signals,burnout_early_signals_003,and professionals,Knowledge workers and professionals who want to prevent burnout before it happens rather than recover after,app_factory_112152,2026-01-07,burnout_early_signals,"Quick daily energy and stress check-in → Track patterns in energy, mood, and workload → Receive early warning alerts → Get personalized prevention recommendations",Research shows '90% experienced burnout symptoms' and enterprise tools achieve '30% reduction in burnout symptoms' but personal solutions lacking.,client_only,False,,False,,low,optional,"Pattern recognition for burnout signals, can start with rule-based approach",medium,M,8h,low,medium,Strong market signal with low behavior change risk and clear value proposition,Consider market saturation and differentiation strategy
5,1,8.7,MindFlow Auto,mindflow_auto_001,Decision automation,Busy professionals experiencing decision fatigue and productivity app overwhelm,run_185842,2026-01-06,mindflow_auto,Morning routine auto-generation → Smart choice elimination → Evening reflection and optimization → Weekly pattern learning,Decision fatigue research showing 'every app switch leaves attention residue' and users seeking single automation source,unknown,False,,False,,low,none,,low,M,8h,low,low,Strong market signal with clear user demand,Market validation needed
6,6,8.7,EnergyRhythm,energyrhythm_006,Energy-based productivity,Knowledge workers seeking to optimize productivity through awareness of natural energy and focus patterns,app_factory_220354,2026-01-06,energyrhythm,Daily energy pattern tracking → Smart task-energy matching → Circadian-optimized scheduling → Energy trend analysis,Users reporting poor task completion when fighting against natural energy rhythms instead of working with them,unknown,False,,False,,low,none,,low,M,8h,low,low,Strong market signal with clear user demand,Market validation needed
7,1,8.6,FlowState,flowstate_002,Single-session focus environment that consolidates...,Knowledge workers who struggle with productivity loss due to constant app switching and digital interruptions,batch-specs-201327,2026-01-07,flowstate,Launch unified work session → Access consolidated tools in single interface → Block external interruptions automatically → ...,"Productivity research shows employees lose 3.3 hours weekly to app switching, with 56% reporting per...",unknown,False,,False,,low,none,,low,M,8h,low,low,Strong market signal with clear user demand,Market validation needed
8,2,8.6,SimpleEmotion,simpleemotion_002,Diversified consumer life domains,People interested in emotional awareness who find existing mood apps overwhelming or too clinical,batch-specs-213456,2026-01-07,simpleemotion,Quick mood check-in with simple sliders → Add optional context with minimal effort → View emotional patterns over time,Mood tracking research shows users 'disliked when they felt overwhelmed by the number of options' bu...,unknown,False,,False,,low,none,,low,M,8h,low,low,Strong market signal with clear user demand,Market validation needed
9,1,8.5,ListLite,grocery_simple_007,Minimal grocery list app focused on simplicity,Shoppers who find current grocery apps too complicated,factory-094718,2026-01-08,listlite,Add items to list → Check off while shopping → Items automatically move to history → Reuse items from history,Users prefer apps described as 'plain and simple app that leaves you in control. It's like a blank piece of lined paper' over apps with 'too much control' and 'steeper learning curves'.,unknown,False,,False,,low,none,,low,M,8h,low,low,Strong market signal with clear user demand,Market validation needed
10,1,8.5,Contextual Learning,contextual_learning_001,Students and lifelong,Students and lifelong learners frustrated with traditional spaced repetition complexity but wanting effective retention,app_factory_110218,2026-01-07,contextual_learning,Input new concept or fact → Guided creation of 3 personal contexts/connections → Daily review of context relationships → Adaptive scheduling based on recall confidence,Users report 'preparing cards is big overhead' and 'once you fall behind you're done' with traditional SRS. Need 'multiple contexts' for effective lea...,unknown,False,,False,,low,none,,low,M,8h,low,low,Strong market signal with clear user demand,Market validation needed
11,1,8.5,ThoughtCatcher,thoughtcatcher_002,Brain dump app that captures random thoughts insta...,Creative professionals and knowledge workers overwhelmed by scattered ideas who struggle with traditional note organization,batch-specs-210945,2026-01-07,thoughtcatcher,Instant thought capture via text/voice → AI suggests related previous thoughts → Simple connection drawing → ...,Note-taking users report 'mental clutter is a big-time creativity killer' and need apps that 'transf...,unknown,False,,False,,low,none,,low,M,8h,low,low,Strong market signal with clear user demand,Market validation needed
12,5,8.5,SubClarity,subclarity_005,"['Transparent', 'subscription', 'manager']",Consumers overwhelmed by 12+ subscriptions who struggle with hidden fees and difficult cancellation processes,batch-specs-170756,2026-01-07,subclarity,"Connect bank account for automatic detection, Review subscription costs and usage, Set cancellation reminders before renewals...","Subscription tracking reviews show 'too difficult to navigate', users want apps that don't 'charge subscription to cancel subscriptions'...",unknown,False,,False,,low,none,,low,M,8h,low,low,Strong market signal with clear user demand,Market validation needed
13,1,8.5,QuickFlow,quickflow_auto_001,Time-saving automation,Busy professionals who want automation benefits but lack time for complex productivity system management,app_factory_220354,2026-01-06,quickflow_auto,Morning pattern detection → One-tap routine activation → Background task automation → Evening pattern optimization,Users reporting 'productivity porn' fatigue - spending more time optimizing systems than doing work,unknown,False,,False,,low,none,,low,M,8h,low,low,Strong market signal with clear user demand,Market validation needed
14,1,8.4,Authentic,authentic_001,Chronological creative platform that displays cont...,Digital creators frustrated with algorithm-driven platforms that hide or manipulate their creative content visibility,batch-specs-204537,2026-01-07,authentic,Create and share content → View chronological feed without algorithms → Connect directly with followers → ...,"App Store reviews emphasize need for platforms with 'pure, authentic expression' and 'fairness, tran...",unknown,False,,False,,low,none,,low,M,8h,low,low,Strong market signal with clear user demand,Market validation needed
15,1,8.4,Flexible Anchor Routines,flexible_anchor_routines_001,variable schedules,People with variable schedules who want routine benefits without the guilt when life disrupts rigid systems,app_factory_112152,2026-01-07,flexible_anchor_routines,Define essential daily anchors → Adapt routine to daily context → Maintain core stability through disruption → Learn personal flexibility patterns,Users report 'routines never last' due to 'structural reasons routines break' and need systems that 'help you stay steady without stress' during chaot...,client_only,False,,False,,low,optional,"Pattern learning for personalization, basic algorithms sufficient for MVP",low,M,8h,low,low,Strong market signal with low behavior change risk and clear value proposition,Consider market saturation and differentiation strategy
16,1,8.4,ClearTasks,simple_tasks_001,Productivity simplification,Overwhelmed users who abandoned complex task managers due to setup complexity,diversified-signals-2026-01-07-run,2026-01-07,cleartasks,Add task with single tap → View clean task list → Mark complete with swipe → Tasks auto-archive after completion,"App Store reviews: 'Todoist - Why does adding a task need 10 taps?' and 'Any.do - The UI is overwhelming, just want a simple list'",unknown,False,,False,,low,none,,low,M,8h,low,low,Strong market signal with clear user demand,Market validation needed
17,2,8.4,FlowState,energy_sprint_002,Energy-aware productivity,Remote workers and creatives who struggle with traditional time-based productivity methods,market-batch-2026-01-07-run,2026-01-07,flowstate,Track energy levels and focus quality → Learn optimal focus periods → Suggest energy-aligned work sessions → Adapt recommendations based on outcomes,Users complain: 'Focus apps don't work because they ignore my energy levels' and 'I'm forced to work when my brain isn't ready',unknown,False,,False,,low,none,,low,M,8h,low,low,Strong market signal with clear user demand,Market validation needed
18,3,8.4,MindfulSpend,mindfulspend_003,"['Gentle', 'financial', 'awareness']",People who abandoned traditional budget apps due to complexity but want financial awareness without guilt or pressure,batch-specs-201250,2026-01-07,mindfulspend,"Quick spending check-ins without categories, Gentle reflection prompts before purchases, Simple spending pattern visualization...",Budget app reviews show '#1 reason they quit a budgeting app was too much daily maintenance' and 'wrong budgeting tool leads to burnout'...,unknown,False,,False,,low,none,,low,M,8h,low,low,Strong market signal with clear user demand,Market validation needed
19,7,8.4,ExecutiveFunction Pro,executive_function_007,Executive function support,"Adults with ADHD, autism, or other executive function challenges seeking cognitive support tools",run_185842,2026-01-06,executive_function,Task breakdown with visual aids → Working memory support → Cognitive load assessment → Achievement tracking and motivation,"ADHD community feedback about task paralysis and need for visual, flexible systems that adapt to changing mental states",unknown,False,,False,,low,none,,low,M,8h,low,low,Strong market signal with clear user demand,Market validation needed
20,9,8.4,WorkflowBridge,workflowbridge_009,Workflow automation,Remote professionals using multiple productivity tools who lose time on manual data transfer and context switching,app_factory_220354,2026-01-06,workflowbridge,Workflow pattern detection → Automated cross-app data bridging → Context preservation → Workflow optimization suggestions,Remote workers reporting significant productivity losses from app fragmentation and manual data synchronization,unknown,False,,False,,low,none,,low,M,8h,low,low,Strong market signal with clear user demand,Market validation needed
21,1,8.3,Quick Note,quick_note_001,Lightweight utility tools,People who need to capture thoughts instantly without app complexity,batch-specs-010721-3472,2026-01-08T05:21:07Z,quick_note,Open app → type/voice note → save instantly → done,Users prefer super bare bones apps over complex productivity tools,unknown,False,,False,,low,none,,low,M,8h,low,low,Strong market signal with clear user demand,Market validation needed
22,1,8.3,LearnFlow,learnflow_001,Diversified consumer life domains,Students and lifelong learners frustrated with boring flashcard apps who want effective spaced repetition without the tedium,batch-specs-213456,2026-01-07,learnflow,Learn concepts through interactive mini-lessons → Get spaced review prompts with varied formats → Practice with contextual scenarios,"Learning research shows users find 'doing flashcards to be incredibly boring, tedious, and energy-dr...",unknown,False,,False,,low,none,,low,M,8h,low,low,Strong market signal with clear user demand,Market validation needed
23,2,8.3,Canvas,canvas_001,Pure creative expression platform focused on authe...,Digital artists and creators frustrated with algorithm-driven platforms that hide or manipulate their creative content,batch-specs-201327,2026-01-07,canvas,Create and share authentic content → Discover work through chronological feeds → Connect directly with other creators → ...,"App Store reviews highlight need for platforms with 'no shadowbans, no hidden algorithms, no bias. J...",unknown,False,,False,,low,none,,low,M,8h,low,low,Strong market signal with clear user demand,Market validation needed
24,3,8.3,FamilyHub,familyhub_003,Family logistics coordination,Busy families with children aged 5-18 struggling with coordination across multiple platforms and activities,app_factory_220354,2026-01-06,familyhub,Unified family calendar → Smart task delegation → Automatic reminder coordination → Family achievement tracking,"Parents reporting decision fatigue from managing separate apps for calendar, chores, allowances, school communications, and activity schedules",unknown,False,,False,,low,none,,low,M,8h,low,low,Strong market signal with clear user demand,Market validation needed
25,2,8.2,SimpleStock,simple_pantry_001,Offline pantry inventory tracker with barcode scanning,Busy households who want to reduce food waste and avoid duplicate purchases,factory-094718,2026-01-08,simplestock,Scan barcode to add item → Set simple expiration reminder → Check inventory before shopping → Get notifications for items about to expire,App Store reviews for pantry apps show users want 'simple barcode scanner' functionality without overwhelming features. One user: 'worth trying at the free level with scanner that works great',unknown,False,,False,,low,none,,low,M,8h,low,low,Strong market signal with clear user demand,Market validation needed
26,1,8.2,Wash Simple,wash_simple_001,Home logistics simplification,Busy adults who forget laundry timing,batch-specs-010718-5233,2026-01-08T02:07:18Z,wash_simple,Set wash timer → get notification when ready to move → mark as done,Home organizing apps criticized for being too complicated,unknown,False,,False,,low,none,,low,M,8h,low,low,Strong market signal with clear user demand,Market validation needed
27,1,8.2,PackWise,packwise_001,"['Smart', 'travel', 'packing']",Frequent travelers who stress about packing and consistently forget essential items,batch-specs-170756,2026-01-07,packwise,"Input trip details (destination, duration, activities), Receive personalized packing checklist, Check off items as packed...","Travel blog comments: 'hate packing and hate lists so inevitably either forget something or bring too much', 'need to pack like a few weeks before tra...",unknown,False,,False,,low,none,,low,M,8h,low,low,Strong market signal with clear user demand,Market validation needed
28,1,8.2,Simple Meal Rotation,simple_meals_001,"['Busy', 'parents', 'who', 'want', 'predictable', 'family', 'meals', 'wit']",Busy parents who want predictable family meals without recipe complexity or elaborate planning,batch-specs-160132-meadow-spark,2026-01-07,simple_meal_rotation,User adds 10-20 family-approved simple meals to rotation,'All the meal planning apps are over complicated' - HN user seeking simple meal rotation functionali...,client_only,False,,False,,low,none,,low,S,8h,low,low,Strong market signal with clear user demand,Market validation needed
29,2,8.2,BurnoutWatch,burnoutwatch_001,Personal burnout monitoring app that tracks subtle...,Working professionals who struggle to recognize burnout symptoms before they become severe and impact performance,batch-specs-210945,2026-01-07,burnoutwatch,Daily quick energy check-ins → Track work engagement patterns → Monitor sleep and focus quality → ...,Workplace research shows users experience 'fatigue that lingers no matter how much sleep you get' an...,unknown,False,,False,,low,none,,low,M,8h,low,low,Strong market signal with clear user demand,Market validation needed
30,3,8.2,Emotion Context Journal,emotion_context_journal_003,People seeking deeper,People seeking deeper emotional awareness than basic mood tracking but intimidated by complex therapeutic frameworks,app_factory_110218,2026-01-07,emotion_context_journal,Daily emotion check-in with guided prompts → Context creation around triggers and responses → Pattern recognition through simple visualizations → Weekly reflection with personalized insights,Users find current apps 'too simple' or want 'more note templates'. Professional assessment: 'people with mental health issues may find general tracki...,unknown,False,,False,,low,none,,low,M,8h,low,low,Strong market signal with clear user demand,Market validation needed
31,5,8.2,DailyLingo,dailylingo_005,"['Micro-practice', 'language', 'learning']",Language learners frustrated with streak pressure who want consistent micro-practice that leads to real speaking ability,batch-specs-201250,2026-01-07,dailylingo,"2-minute daily conversation practice, Real-world phrase focus over grammar, Progress measured by speaking confidence...",Long-term Duolingo users: '1107-day streak but barely scratched surface' and 'people logging in not to learn but so they didn't lose'...,unknown,False,,False,,low,none,,low,M,8h,low,low,Strong market signal with clear user demand,Market validation needed
32,3,8.2,SecureFlow,secureflow_003,Privacy-first productivity,Privacy-conscious professionals who want productivity tools without data surveillance,run_185842,2026-01-06,secureflow,Local task creation → Encrypted cross-device sync → Privacy dashboard monitoring → Secure team collaboration,"Privacy movement evidence: 19 countries banned TikTok by 2024, users actively seeking alternatives to surveillance-based productivity tools",unknown,False,,False,,low,none,,low,M,8h,low,low,Strong market signal with clear user demand,Market validation needed
33,7,8.2,FocusSimple,focussimple_007,ADHD-friendly focus environment,"ADHD and easily distracted users who need simple, powerful focus tools without feature overwhelm",app_factory_220354,2026-01-06,focussimple,One-tap focus activation → Intelligent distraction blocking → Single-task focus sessions → Gentle transition support,Users with attention challenges abandoning complex focus apps due to too many options and settings,unknown,False,,False,,low,none,,low,M,8h,low,low,Strong market signal with clear user demand,Market validation needed
34,1,8.1,Paper Simple,paper_simple_001,Personal Admin,Adults overwhelmed by personal paperwork,batch-specs-171643-prism-delta,2026-01-08,paper_simple,Take photo → AI categorizes → Search by voice → Share instantly,"Document management market growing to $24.34B, users seek simplification",unknown,False,,False,,low,none,,low,M,8h,low,low,Strong market signal with clear user demand,Market validation needed
35,2,8.1,Habit Dot,habit_dot_002,Wellness habit formation,Users wanting simple habit tracking without analytics overwhelm,batch-specs-010721-3472,2026-01-08T05:21:07Z,habit_dot,Select single habit → mark done daily → see visual progress → maintain streak,Streaks app praised for limiting habits to prevent overwhelming yourself,unknown,False,,False,,low,none,,low,M,8h,low,low,Strong market signal with clear user demand,Market validation needed
36,1,8.1,NoteCleanup,notecleanup_001,"['Smart', 'note', 'organization']",Knowledge workers with large note collections who struggle to find information they've previously saved,batch-specs-201250,2026-01-07,notecleanup,"Import notes from various apps, AI identifies duplicates and fragments, Suggest cleanup actions with preview...",App Store reviews: 'notes getting lost in the system' and 'can't find notes even when I know they exist' across multiple note-taking platforms...,unknown,False,,False,,low,none,,low,M,8h,low,low,Strong market signal with clear user demand,Market validation needed
37,2,8.1,HabitDots,habit_dots_002,Simplified habit tracking,People who failed at complex habit trackers and want pure visual progress without gamification,diversified-signals-2026-01-07-run,2026-01-07,habitdots,Open app → Tap dot for today → See visual progress grid → Feel satisfaction from pattern completion,"App Store: 'Habitica - I don't want RPG stuff, just track if I did it' and Chrome Extension reviews wanting simpler habit tracking",unknown,False,,False,,low,none,,low,M,8h,low,low,Strong market signal with clear user demand,Market validation needed
38,2,8.1,RuleForge,ruleforge_002,Simple personal automation app that creates if-the...,Busy professionals who want task automation but find existing apps too complex or requiring too much manual setup,batch-specs-204537,2026-01-07,ruleforge,Define simple if-then rules in plain language → Automate recurring decisions and tasks → Monitor rule effectiveness → ...,User complaints show productivity apps 'require me to manually assign a date and time to every singl...,unknown,False,,False,,low,none,,low,M,8h,low,low,Strong market signal with clear user demand,Market validation needed
39,3,8.1,TinyWins,minimal_habit_003,Anti-complexity habit formation,Habit-forming beginners overwhelmed by traditional habit tracking complexity,market-batch-2026-01-07-run,2026-01-07,tinywins,"Pick one tiny habit → Single-tap confirmation → Invisible progress tracking → Gentle, context-aware reminders",Users report: 'All habit apps are too complicated' and 'I spend more time managing the app than doing the habits',unknown,False,,False,,low,none,,low,M,8h,low,low,Strong market signal with clear user demand,Market validation needed
40,3,8.1,StudyBuddy,studybuddy_003,Offline-first study companion that syncs when conn...,Students in areas with poor connectivity who struggle with study apps that require constant internet access,batch-specs-201327,2026-01-07,studybuddy,Download study materials when connected → Study completely offline with notes and quizzes → Track progress locally → ...,Educational research shows 'internet access is dependent on context and is a major constraint on opp...,unknown,False,,False,,low,none,,low,M,8h,low,low,Strong market signal with clear user demand,Market validation needed
41,10,8.1,Flow State Prep,flow_state_prep_010,creative professionals,Knowledge workers and creative professionals who want to maximize deep work sessions and achieve flow states more consistently,app_factory_112152,2026-01-07,flow_state_prep,Prepare environment and mindset for deep work → Track conditions that lead to flow states → Get personalized flow preparation recommendations → Optimize timing and setup for peak performance,Momentum research shows value in 'breaking tasks into manageable segments' and 'customized experiences' for optimal performance states.,client_only,False,,False,,low,optional,"Pattern learning for personalization, basic algorithms sufficient for MVP",medium,M,8h,low,medium,Strong market signal with low behavior change risk and clear value proposition,Consider market saturation and differentiation strategy
42,5,8.1,EnergyFlow,energy_flow_005,Energy-based productivity,Knowledge workers seeking to optimize productivity through natural energy rhythm awareness,run_185842,2026-01-06,energy_flow,Daily energy pattern tracking → AI-powered task scheduling → Circadian-optimized notifications → Energy trend analysis,"Research on decision quality declining throughout day, users seeking energy-based scheduling to optimize mental performance",unknown,False,,False,,low,none,,low,M,8h,low,low,Strong market signal with clear user demand,Market validation needed
43,10,8.1,MindfulTech,mindfultech_010,Digital wellness,Digitally overwhelmed individuals seeking healthier technology relationships without additional complexity,app_factory_220354,2026-01-06,mindfultech,Passive usage pattern analysis → Gentle intention prompts → Ambient awareness building → Progressive behavior shifts,Users seeking digital wellness solutions that don't contribute to the problem of too many apps and notifications,unknown,False,,False,,low,none,,low,M,8h,low,low,Strong market signal with clear user demand,Market validation needed
44,3,8.0,VisualBell,kids_timer_004,Simple visual countdown timer for kids activities,Parents of children ages 4-10 who need routine structure,factory-094718,2026-01-08,visualbell,Set timer duration with simple controls → Start visual countdown → Watch colorful progress bar → Receive gentle alert when done,"Parents want 'simple timer apps with large, easy-to-read displays' and complain about timer apps with 'too many customization options' that are confusing for kids.",unknown,False,,False,,low,none,,low,M,8h,low,low,Strong market signal with clear user demand,Market validation needed
45,2,8.0,Creative Dots,creative_dots_002,Creative output tracking,Artists and creators who need consistent practice,batch-specs-010718-5233,2026-01-08T02:07:18Z,creative_dots,Mark todays creative work done → see visual streak → maintain momentum,Artists want tools that help save brain space for creative work,unknown,False,,False,,low,none,,low,M,8h,low,low,Strong market signal with clear user demand,Market validation needed
46,3,8.0,IdeaFlow,ideaflow_007,Visual idea organization tool that helps creative ...,Creative professionals and researchers who think visually and struggle with linear note-taking systems,batch-specs-210945,2026-01-07,ideaflow,Capture ideas as visual nodes → Arrange thoughts spatially → Draw connections between ideas → ...,Creative workers describe apps that 'generate article outlines from your scattered thoughts' and hel...,unknown,False,,False,,low,none,,low,M,8h,low,low,Strong market signal with clear user demand,Market validation needed
47,3,8.0,Retainify,retainify_003,"['Gentle', 'spaced', 'repetition']",Students and lifelong learners frustrated with poor retention despite significant study time investment,batch-specs-170756,2026-01-07,retainify,"Snap photo or type key concept learned, Get gentle reminder notification after optimal interval, Quick 30-second review...","Educational studies show students 'spend hours studying, only to forget everything days later' and 'rereading same material over and over, never reall...",unknown,False,,False,,low,none,,low,M,8h,low,low,Strong market signal with clear user demand,Market validation needed
48,5,8.0,StudyEngager,studyengager_005,Diversified consumer life domains,Students who abandoned flashcard apps due to boredom but still need effective spaced repetition learning,batch-specs-213456,2026-01-07,studyengager,Progress through story-based learning adventures → Answer contextual questions as story challenges → Unlock new story chapters with learning progress,Educational app reviews show students want 'alternatives to Anki less complicated' and find traditio...,unknown,False,,False,,low,none,,low,M,8h,low,low,Strong market signal with clear user demand,Market validation needed
49,6,8.0,Grocery Loop,grocery_loop_006,"['Households', 'that', 'buy', 'similar', 'groceries', 'repeatedly', 'a']",Households that buy similar groceries repeatedly and want predictable shopping without complex meal planning,batch-specs-160132-meadow-spark,2026-01-07,grocery_loop,Add items you regularly buy with typical replenish frequency,"Grocery apps create 'more frustration than they solve' with 'clunky, confusing design' and 'overbuil...",client_only,False,,False,,low,none,,low,S,8h,low,low,Strong market signal with clear user demand,Market validation needed
50,8,8.0,SpendWise,spendwise_008,"['One-question-per-day', 'financial', 'mindfulness']",People who want financial awareness but find traditional budgeting apps too overwhelming or time-consuming,batch-specs-201250,2026-01-07,spendwise,"Single daily question about spending, Quick reflection on money decisions, Build awareness patterns over time...",Budget app research: 'most powerful software useless if too complicated to use' and users needing 'user-friendly interface'...,unknown,False,,False,,low,none,,low,M,8h,low,low,Strong market signal with clear user demand,Market validation needed
51,10,8.0,Micro Skill Builder,micro_skill_builder_010,Busy professionals who,Busy professionals who want to build skills incrementally without committing to lengthy courses or complex learning systems,app_factory_110218,2026-01-07,micro_skill_builder,Choose skill to practice → Complete 5-minute guided exercise → Track competence progression → Unlock next micro-skill level,Users want 'micro-learning delivery' but find current options 'either too shallow or too demanding' for busy schedules,unknown,False,,False,,low,none,,low,M,8h,low,low,Strong market signal with clear user demand,Market validation needed
52,5,8.0,CreativeFlow,creativeflow_005,Creative workflow enhancement,Freelance designers and small creative teams juggling multiple tools for each project,app_factory_220354,2026-01-06,creativeflow,Project setup with tool integration → Unified timeline and asset tracking → In-context feedback and approvals → Version control across platforms,Creative professionals reporting productivity loss from constant context switching and file management overhead,unknown,False,,False,,low,none,,low,M,8h,low,low,Strong market signal with clear user demand,Market validation needed
53,8,8.0,ChoiceLess,choice_less_008,Decision elimination,Overwhelmed professionals seeking to reduce decision fatigue through intelligent automation,run_185842,2026-01-06,choice_less,Choice audit and identification → Smart default setup → Automated decision execution → Outcome tracking and optimization,"Decision fatigue research showing users want apps that eliminate rather than add choices, seeking 'decision-free living' solutions",unknown,False,,False,,low,none,,low,M,8h,low,low,Strong market signal with clear user demand,Market validation needed
54,3,7.9,Flash Simple,flash_simple_003,Learning practice companions,Students and learners frustrated by complex flashcard app setup,batch-specs-010721-3472,2026-01-08T05:21:07Z,flash_simple,Type question and answer → practice immediately → mark difficulty → repeat,Users complain flashcard apps require too much setup before learning,unknown,False,,False,,low,none,,low,M,8h,low,low,Strong market signal with clear user demand,Market validation needed
55,3,7.9,Access Voice,access_voice_003,Accessibility-friendly utilities,Users with vision impairments frustrated by complex accessibility apps,batch-specs-010718-5233,2026-01-08T02:07:18Z,access_voice,Voice command → simple action performed → audio feedback confirmation,TalkBack users report accessibility apps create barriers,unknown,False,,False,,low,none,,low,M,8h,low,low,Strong market signal with clear user demand,Market validation needed
56,2,7.9,Creative Momentum Pulse,creative_momentum_pulse_002,and freelancers,Creative professionals and freelancers who struggle to maintain momentum between projects and through creative blocks,app_factory_112152,2026-01-07,creative_momentum_pulse,Log daily creative work with simple metrics → Visualize momentum patterns over time → Get gentle nudges during low-momentum periods → Celebrate progress without perfectionist pressure,Evidence shows 'perfectionism stalls creative process' and creators need 'community accountability with daily progress tracking' but lack creative-spe...,client_only,False,,False,,low,optional,"Pattern learning for personalization, basic algorithms sufficient for MVP",low,M,8h,low,low,Addresses specific user pain point with clear evidence,Lower validation score suggests market validation needed
57,3,7.9,FocusFlow,focusflow_006,Adaptive focus sessions that adjust timing and bre...,People with attention challenges who find rigid focus timers don't match their natural attention patterns,batch-specs-204537,2026-01-07,focusflow,Start adaptive focus session → System adjusts timing based on your patterns → Smart break suggestions when attention dips → ...,ADHD app research shows users 'love this app' and find 'significant improvements in concentration' w...,unknown,False,,False,,low,none,,low,M,8h,low,low,Strong market signal with clear user demand,Market validation needed
58,3,7.9,QuickNote,note_capture_003,Frictionless note capture,Note-takers who abandoned apps like Obsidian/Roam due to complexity and want frictionless capture,diversified-signals-2026-01-07-run,2026-01-07,quicknote,Open app to blank note → Start typing immediately → Notes auto-save → Swipe to start new note,"YouTube comments: 'I just want to write things down, not build a graph' and Obsidian App Store reviews about learning curve complexity",unknown,False,,False,,low,none,,low,M,8h,low,low,Strong market signal with clear user demand,Market validation needed
59,4,7.9,ContextAI,context_planner_004,Context-sensitive planning,Busy professionals whose days are unpredictable and don't fit rigid planning systems,market-batch-2026-01-07-run,2026-01-07,contextai,Input daily context and constraints → AI suggests realistic plan → Track actual execution vs plan → Learn and improve future planning,Users complain: 'My planner doesn't understand my life context' and 'rigid schedules break when real life happens',unknown,False,,False,,low,none,,low,M,8h,low,low,Strong market signal with clear user demand,Market validation needed
60,4,7.9,EnergyTrack,energytrack_006,Simple energy level tracker that helps identify pa...,Busy professionals who experience energy fluctuations but struggle to identify patterns or early warning signs,batch-specs-210945,2026-01-07,energytrack,Quick daily energy ratings → Track energy vs. sleep/work patterns → Identify energy drain sources → ...,Burnout research shows early signs include 'persistent fatigue' and 'inability to concentrate' that ...,unknown,False,,False,,low,none,,low,M,8h,low,low,Strong market signal with clear user demand,Market validation needed
61,4,7.9,TaskMerge,taskmerge_007,Task consolidation app that groups related activit...,Professional workers overwhelmed by fragmented task management across multiple apps and platforms,batch-specs-201327,2026-01-07,taskmerge,Import tasks from various sources → Smart grouping by context and priority → Work on batched related tasks → ...,Workplace studies show 20% of cognitive capacity lost during context switching with average 9.5 minu...,unknown,False,,False,,low,none,,low,M,8h,low,low,Strong market signal with clear user demand,Market validation needed
62,6,7.9,FeelingsFlow,feelingsflow_006,Diversified consumer life domains,Busy individuals who want emotional awareness but struggle with traditional text-based journaling requirements,batch-specs-213456,2026-01-07,feelingsflow,Record quick voice notes about feelings → Tag emotions with simple visual icons → Review emotional patterns through timeline,Emotion tracking app reviews emphasize need for 'simple emotion diary app feelings' that allows 'eas...,unknown,False,,False,,low,none,,low,M,8h,low,low,Strong market signal with clear user demand,Market validation needed
63,7,7.9,Learning Momentum,learning_momentum_007,Adult learners who,Adult learners who want to track learning progress without the guilt and pressure of daily habit requirements,app_factory_110218,2026-01-07,learning_momentum,Log learning activity when it happens → Track momentum rather than streaks → Celebrate restart efforts after breaks → View long-term learning trajectory,Users report 'once you fall behind you're done' with traditional systems and want 'progress tracking without daily pressure',unknown,False,,False,,low,none,,low,M,8h,low,low,Strong market signal with clear user demand,Market validation needed
64,10,7.9,SpeakDaily,speakdaily_010,"['Speaking-first', 'language', 'practice']",Language learners who maintain long streaks but can't speak confidently and want practical conversation skills,batch-specs-201250,2026-01-07,speakdaily,"Daily 60-second conversation prompt, Practice speaking response aloud, Get feedback on pronunciation and flow...","Language learning analysis: 'friend has 1,500-day streak but struggles with speaking fluently' and 'memorizing translations instead of thinking'...",unknown,False,,False,,low,none,,low,M,8h,low,low,Strong market signal with clear user demand,Market validation needed
65,6,7.9,PrivateVault,private_vault_006,Privacy-first data management,Privacy-conscious individuals wanting secure personal data storage without cloud surveillance,run_185842,2026-01-06,private_vault,Secure document upload → Encrypted categorization → Biometric access control → Selective sharing with encryption,Privacy-first movement driving demand for secure personal data management as users seek alternatives to surveillance-based cloud storage,unknown,False,,False,,low,none,,low,M,8h,low,low,Strong market signal with clear user demand,Market validation needed
66,8,7.9,HabitLink,habitlink_008,Habit formation psychology,Individuals who struggle with habit consistency due to forgetting to engage with dedicated habit tracking apps,app_factory_220354,2026-01-06,habitlink,Ambient cue integration → Passive habit detection → Contextual reinforcement → Background pattern optimization,High abandonment rates of habit tracking apps due to the need to remember to use yet another app,unknown,False,,False,,low,none,,low,M,8h,low,low,Strong market signal with clear user demand,Market validation needed
67,2,7.8,AccessFirst,access_first_003,Accessibility Design,App developers wanting accessible product testing,batch-specs-171643-prism-delta,2026-01-08,access_first,Upload screens → Disabled users test → Get feedback → Iterate,"Accessibility apps fail as frustrating barriers, need real user testing",unknown,False,,False,,low,none,,low,M,8h,low,low,Strong market signal with clear user demand,Market validation needed
68,4,7.8,PackEasy,travel_packer_002,Simple offline packing checklist app with reliable data persistence,Frequent travelers frustrated with unreliable packing apps,factory-094718,2026-01-08,packeasy,Select trip type template → Customize packing list → Check off items as packed → Save list for future trips,PackPoint users complain: 'app has seriously become useless' due to data loss and forced list creation. Users want 'backup features' and reliable list persistence.,unknown,False,,False,,low,none,,low,M,8h,low,low,Strong market signal with clear user demand,Market validation needed
69,2,7.8,Big Button Life Manager,big_button_life_002,"['Seniors', '(65+)', 'who', 'want', 'to', 'track', 'medications,', 'appoi']","Seniors (65+) who want to track medications, appointments, and basic tasks without complex smartphone interfaces",batch-specs-160132-meadow-spark,2026-01-07,big_button_life_manager,"Large, clear buttons for common daily tasks (took medicine, called doctor, etc)",BIG Launcher addresses 'too many buttons' problem with 'minimalistic interface' for 'seniors who has...,client_only,False,,False,,low,none,,low,S,8h,low,low,Strong market signal with clear user demand,Market validation needed
70,2,7.8,Simple Writing Streaks,simple_writing_streaks_002,Creative writers and,Creative writers and content creators who need accountability without complex project management features,app_factory_110218,2026-01-07,simple_writing_streaks,Set daily writing goal → Track writing session with simple timer → Log word count and project progress → Maintain streak visualization and project momentum,Writers report 'hitting roadblock with free version' of habit apps and want 'writing habit trackers that integrate with creative workflow',unknown,False,,False,,low,none,,low,M,8h,low,low,Strong market signal with clear user demand,Market validation needed
71,3,7.8,MomentumKeeper,momentumkeeper_003,Diversified consumer life domains,Creative professionals who struggle with inconsistent creative output and want to understand their productive patterns,batch-specs-213456,2026-01-07,momentumkeeper,Log daily creative work and energy levels → Identify peak creative periods → Get momentum warnings when productivity drops,Creative productivity research shows need for tools that 'keep ideas flowing and projects on track w...,unknown,False,,False,,low,none,,low,M,8h,low,low,Strong market signal with clear user demand,Market validation needed
72,4,7.8,FieldFlow,fieldflow_004,"['Ultra-simple', 'workflow', 'app']","Construction workers, mechanics, and field service technicians frustrated by complex apps that slow down their work",batch-specs-201250,2026-01-07,fieldflow,"One-tap job start/finish logging, Photo upload with automatic tagging, Simple voice note recording...",Construction worker feedback: 'This complicates it and adds time to every job' and 'construction software so complicated needs highly trained individu...,unknown,False,,False,,low,none,,low,M,8h,low,low,Strong market signal with clear user demand,Market validation needed
73,4,7.8,FlowMind,flowmind_003,Executive function support app designed specifical...,Adults with ADHD who struggle with executive function and need adaptive support without rigid structure requirements,batch-specs-204537,2026-01-07,flowmind,Check current energy and focus levels → Get adaptive task suggestions → Use visual working memory aids → ...,ADHD research shows users need apps that help with 'working memory' and 'executive function' beyond ...,unknown,False,,False,,low,none,,low,M,8h,low,low,Strong market signal with clear user demand,Market validation needed
74,5,7.8,Energy Rhythm Tracker,energy_rhythm_tracker_005,Knowledge workers,Knowledge workers who experience inconsistent energy levels and want to optimize their daily rhythm without complex health tracking,app_factory_112152,2026-01-07,energy_rhythm_tracker,"Simple daily energy level logging → Track correlation with sleep, food, work patterns → Learn personal energy rhythms → Get timing recommendations for optimal performance",Research shows effectiveness of 'integrating sleep habits and nutrition data to predict stress' but current solutions are complex or enterprise-focuse...,client_only,False,,False,,low,optional,"Pattern learning for personalization, basic algorithms sufficient for MVP",medium,S,4h,low,medium,Addresses specific user pain point with clear evidence,Lower validation score suggests market validation needed
75,5,7.8,SimpleTap,simpletap_004,Large-button utility app for common daily tasks de...,Older adults frustrated with small text and complicated menus who need simple tools for daily digital tasks,batch-specs-201327,2026-01-07,simpletap,"Choose task from large, clear buttons → Complete action with minimal steps → Get simple confirmation feedback → ...","Senior usability research shows 'technology can often leave seniors feeling overwhelmed, excluded, a...",unknown,False,,False,,low,none,,low,M,8h,low,low,Strong market signal with clear user demand,Market validation needed
76,5,7.8,SimpleTools,simpletools_004,Collection of essential utility functions that wor...,Privacy-conscious users frustrated with permission-heavy apps who need basic tools without data collection,batch-specs-210945,2026-01-07,simpletools,Access utilities without permissions → Use tools completely offline → No data collection or tracking → ...,Privacy research shows 'top Android apps require 11 dangerous permissions on average' with users see...,unknown,False,,False,,low,none,,low,M,8h,low,low,Strong market signal with clear user demand,Market validation needed
77,4,7.8,CreativeFlow,creative_flow_004,Creative workflow management,Small creative teams and freelancers juggling multiple tools for project management,run_185842,2026-01-06,creative_flow,Project setup with asset linking → Visual timeline tracking → Inline feedback on files → Version control and approval,Creative teams report friction from 'managing different elements with different tools' and file management becoming 'extremely overwhelming',unknown,False,,False,,low,none,,low,M,8h,low,low,Strong market signal with clear user demand,Market validation needed
78,4,7.8,VaultKeeper,vaultkeeper_004,Privacy-first alternatives,Privacy-conscious individuals who need secure document storage without cloud surveillance concerns,app_factory_220354,2026-01-06,vaultkeeper,Secure document upload → Local encryption and categorization → Biometric access control → Private encrypted sync,Growing distrust of major cloud providers scanning documents for AI training and government compliance,unknown,False,,False,,low,none,,low,M,8h,low,low,Strong market signal with clear user demand,Market validation needed
79,3,7.7,Purchase Pause,purchase_pause_005,Mindful Consumption,Online shoppers struggling with impulse purchases,batch-specs-171643-prism-delta,2026-01-08,purchase_pause,Browser pause → Reflection prompts → Cooling timer → Decide,"Users saved $200/month with mindful purchasing, seek impulse buying help",unknown,False,,False,,low,none,,low,M,8h,low,low,Strong market signal with clear user demand,Market validation needed
80,4,7.7,Family When,family_when_004,Social coordination helpers,Families tired of complex calendar apps for simple coordination,batch-specs-010721-3472,2026-01-08T05:21:07Z,family_when,Ask when is everyone free → family responds → find common time → done,Users seek simpler solutions that reduce mental load of family coordination,unknown,False,,False,,low,none,,low,M,8h,low,low,Strong market signal with clear user demand,Market validation needed
81,4,7.7,Pack List,pack_list_004,Travel preparation helpers,Travelers overwhelmed by complex packing apps,batch-specs-010718-5233,2026-01-08T02:07:18Z,pack_list,Select trip type → get simple checklist → check off items → done,Travel apps criticized for cluttered overwhelming interfaces,unknown,False,,False,,low,none,,low,M,8h,low,low,Strong market signal with clear user demand,Market validation needed
82,4,7.7,SimpleTimer,focus_timer_004,Flexible focus timing,Focus app users frustrated by rigid timers that don't accommodate real-world interruptions,diversified-signals-2026-01-07-run,2026-01-07,simpletimer,Set simple timer → Work during session → Pause if interrupted without penalty → Resume when ready,"Chrome Extension reviews: 'StayFocusd - Timer is too rigid, real life isn't predictable' and Forest app reviews about session interruption",unknown,False,,False,,low,none,,low,M,8h,low,low,Strong market signal with clear user demand,Market validation needed
83,5,7.7,MindSpace,mindspace_009,Visual workspace for ADHD users that externalizes ...,"Adults with ADHD who struggle with working memory and need visual, spatial tools to manage information and tasks",batch-specs-204537,2026-01-07,mindspace,Organize thoughts and tasks spatially → Use visual cues for memory support → Create flexible visual systems → ...,"ADHD research shows users need 'visual, adaptive systems' that help with 'working memory' and execut...",unknown,False,,False,,low,none,,low,M,8h,low,low,Strong market signal with clear user demand,Market validation needed
84,5,7.7,EscapeHatch,stress_escape_005,Emergency stress relief,"High-stress individuals who need immediate, practical tools for emotional regulation during work",market-batch-2026-01-07-run,2026-01-07,escapehatch,Detect stress trigger moment → Choose quick intervention technique → Complete 30-90 second exercise → Track effectiveness for personalization,Users need: 'Quick way to reset when overwhelmed' and 'emergency stress relief that actually works in the moment',unknown,False,,False,,low,none,,low,M,8h,low,low,Strong market signal with clear user demand,Market validation needed
85,6,7.7,DecidePause,decidepause_010,Decision delay app that implements cooling-off per...,Impulse shoppers and decision-makers who want structured delays to make more thoughtful choices,batch-specs-210945,2026-01-07,decidepause,Set decision delay rules → Register important decisions → Enforce cooling-off periods → ...,Decision-making research shows users benefit from '24-Hour Rule' and 'setting a timer and forcing yo...,unknown,False,,False,,low,none,,low,M,8h,low,low,Strong market signal with clear user demand,Market validation needed
86,6,7.7,MindfulBreak,mindfulbreak_010,Intentional boredom cultivation app that guides us...,Users interested in digital wellness who want structured alternatives to screen time rather than just blocking apps,batch-specs-201327,2026-01-07,mindfulbreak,Schedule meaningful break periods → Choose guided offline activities → Engage in intentional boredom exercises → ...,"Digital detox app reviews show users appreciate apps that 'address stress, boredom, or anxiety' with...",unknown,False,,False,,low,none,,low,M,8h,low,low,Strong market signal with clear user demand,Market validation needed
87,9,7.7,MemoryMate,memorymate_009,Diversified consumer life domains,Adult learners who find flashcard apps boring but want effective spaced repetition for professional development,batch-specs-213456,2026-01-07,memorymate,Chat with AI about topics you're learning → Get questions naturally woven into conversations → Review through follow-up discussions,Learning app research shows users seeking 'simple alternative to ANKI' that avoids 'endless flashcar...,unknown,False,,False,,low,none,,low,M,8h,low,low,Strong market signal with clear user demand,Market validation needed
88,9,7.7,Micro Stress Release,micro_stress_release_009,Busy professionals,Busy professionals who experience stress throughout the day but don't have time for traditional stress management approaches,app_factory_112152,2026-01-07,micro_stress_release,Detect stress moments through quick check-in → Access 30-90 second relief techniques → Track which methods work best → Build personalized stress intervention toolkit,Stress research emphasizes need for 'daily accessible support' and 'tools that fit naturally into busy schedules' rather than lengthy interventions.,client_only,False,,False,,low,optional,"Pattern learning for personalization, basic algorithms sufficient for MVP",medium,S,4h,low,medium,Addresses specific user pain point with clear evidence,Lower validation score suggests market validation needed
89,9,7.7,Reflection Guide,reflection_guide_009,People wanting deeper,People wanting deeper self-understanding through reflection but intimidated by complex therapeutic or journaling systems,app_factory_110218,2026-01-07,reflection_guide,Daily guided reflection prompt → Simple framework for processing experiences → Pattern recognition over time → Weekly insights summary,Users seek 'self-reflection scaffolding' and report feeling overwhelmed by 'complex therapeutic frameworks' in existing apps,unknown,False,,False,,low,none,,low,M,8h,low,low,Strong market signal with clear user demand,Market validation needed
90,9,7.7,StudyStack,studystack_009,"['Micro-review', 'app', 'that']",Students who want better retention but find traditional spaced repetition apps too complex or time-consuming,batch-specs-170756,2026-01-07,studystack,"Capture study material with camera or notes, Receive daily 30-second review prompts, Mark understanding level...","Learning app research shows students 'forget everything during exam' due to cramming, need better retention without complexity...",unknown,False,,False,,low,none,,low,M,8h,low,low,Strong market signal with clear user demand,Market validation needed
91,10,7.7,WorkflowSync,workflow_sync_010,Creative workflow synchronization,Creative professionals and teams working across multiple design platforms and collaboration tools,run_185842,2026-01-06,workflow_sync,Multi-platform file sync → Version conflict resolution → Team notification system → Project timeline tracking,"Creative teams frustrated by 'seamless imports, exports, file sync' challenges across Adobe, Figma, and other creative tools",unknown,False,,False,,low,none,,low,M,8h,low,low,Strong market signal with clear user demand,Market validation needed
92,4,7.6,Studio Momentum,studio_momentum_002,Creative Workflows,Independent artists and creators wanting momentum accountability,batch-specs-171643-prism-delta,2026-01-08,studio_momentum,Log creative work → See patterns → Celebrate streaks → Share progress,Creative teams need momentum tools without project management complexity,unknown,False,,False,,low,none,,low,M,8h,low,low,Strong market signal with clear user demand,Market validation needed
93,5,7.6,QuickCapture,capture_notes_009,Ultra-fast note capture app optimized for speed,Busy professionals and students who lose ideas while opening complex note apps,factory-094718,2026-01-08,quickcapture,Open app (instant to text field) → Type or dictate note → Auto-save in background → Search all notes later,Users need apps for 'capture information quickly' that work offline. Note apps should focus on 'getting ideas down fast' without complex organization features that slow down capture.,unknown,False,,False,,low,none,,low,M,8h,low,low,Strong market signal with clear user demand,Market validation needed
94,4,7.6,Contextual Block Breaker,contextual_block_breaker_004,creative professionals,"Writers, content creators, and creative professionals who experience creative blocks and need adaptive assistance",app_factory_112152,2026-01-07,contextual_block_breaker,Input current project context and creative state → Receive tailored block-breaking exercises → Track what techniques work best → Build personalized creative unblocking toolkit,Users report that 'environmental changes can spark fresh ideas' and value 'apps with writing prompts' but need context-aware rather than generic assis...,client_only,False,,False,,low,optional,"Contextual recommendations, can use simple algorithms initially",low,M,8h,low,low,Addresses specific user pain point with clear evidence,Lower validation score suggests market validation needed
95,4,7.6,One-Tap Home Automation,one_tap_home_004,"['Non-technical', 'homeowners', 'who', 'want', 'smart', 'home', 'benef']",Non-technical homeowners who want smart home benefits without learning complex automation tools,batch-specs-160132-meadow-spark,2026-01-07,one_tap_home_automation,"Pre-built automation buttons for common scenarios (Movie Night, Bedtime, Away Mode)",Automation tools require 'too much training' and users want alternatives 'without needing code' or t...,client_only,False,,False,,low,none,,low,M,8h,low,low,Strong market signal with clear user demand,Market validation needed
96,5,7.6,Focus Pattern Tracker,focus_pattern_tracker_005,Knowledge workers who,Knowledge workers who want to understand their focus patterns but are overwhelmed by complex productivity systems,app_factory_110218,2026-01-07,focus_pattern_tracker,Start simple focus session timer → Rate session quality after completion → Track environmental factors and energy → View pattern insights weekly,Users find productivity apps 'either too simple or too complex' and want focus insights without 'overwhelming features',unknown,False,,False,,low,none,,low,M,8h,low,low,Strong market signal with clear user demand,Market validation needed
97,6,7.6,ExpressSafe,expresssafe_007,Creative sharing app with built-in identity verifi...,"Digital artists who want to share work in communities free from bots, fake accounts, and algorithmic manipulation",batch-specs-204537,2026-01-07,expresssafe,Verify creator identity once → Share work in verified community → Connect with real humans only → ...,Creative app reviews show concerns about 'authenticity and safety' with platforms where users questi...,unknown,False,,False,,low,none,,low,M,8h,low,low,Strong market signal with clear user demand,Market validation needed
98,6,7.6,MiniMind,minimind_006,"['Ultra-simple', 'daily', 'task']",People overwhelmed by complex productivity systems who want to accomplish meaningful daily progress without tool complexity,batch-specs-170756,2026-01-07,minimind,"Choose maximum 3 important tasks for today, Check off completed tasks, Celebrate daily wins...","Productivity app complaints of 'overwhelmed and burned out', users prefer 'keeping things simple and doing the work'...",unknown,False,,False,,low,none,,low,M,8h,low,low,Strong market signal with clear user demand,Market validation needed
99,6,7.6,PaperStash,paperstash_006,"['Digital', 'shoebox', 'for']",Note-takers overwhelmed by organizational systems who just want to dump thoughts and find them later,batch-specs-201250,2026-01-07,paperstash,"Quick note capture without categories, Powerful full-text search, Smart suggestions based on content...",Note-taking app complaints about 'work well initially but become problematic as note collections grow' and difficulty with retrieval...,unknown,False,,False,,low,none,,low,M,8h,low,low,Strong market signal with clear user demand,Market validation needed
100,7,7.6,CreativeRhythm,creativerhythm_007,Diversified consumer life domains,Artists and creatives who experience inconsistent creative output and want to optimize their creative work schedules,batch-specs-213456,2026-01-07,creativerhythm,Track daily creative energy levels → Log creative work completed and quality → Identify peak creative time patterns,Creative productivity research shows artists need tools to 'overcome creative blocks' and maintain '...,unknown,False,,False,,low,none,,low,M,8h,low,low,Strong market signal with clear user demand,Market validation needed
101,7,7.6,LearnLocal,learnlocal_008,Community-based offline learning app that enables ...,Students in low-connectivity areas who struggle with educational apps that require constant internet access,batch-specs-201327,2026-01-07,learnlocal,Download educational content in connected areas → Share content locally with nearby students → Study collaboratively offline → ...,Educational access studies show students 'go to great lengths in search of stable Wi-Fi connection' ...,unknown,False,,False,,low,none,,low,M,8h,low,low,Strong market signal with clear user demand,Market validation needed
102,7,7.6,TimeZone,timezone_003,Personal time zone coordinator for remote workers ...,Remote workers and frequent travelers who coordinate with teams across multiple time zones and make scheduling mistakes,batch-specs-210945,2026-01-07,timezone,Add key contacts with time zones → Visual time overlap finder → One-tap meeting scheduling → ...,Remote workers report 'it's impossible to keep track of everyone's local time zone all the time' and...,unknown,False,,False,,low,none,,low,M,8h,low,low,Strong market signal with clear user demand,Market validation needed
103,9,7.6,FocusSpace,focus_space_009,ADHD-friendly focus environment,ADHD professionals needing distraction-free work environment without complex productivity features,run_185842,2026-01-06,focus_space,Distraction blocking activation → Single-task focus session → Visual progress tracking → Gentle transition reminders,"ADHD users reporting need for 'one app, one purpose' solutions to reduce app switching friction and attention residue",unknown,False,,False,,low,none,,low,M,8h,low,low,Strong market signal with clear user demand,Market validation needed
104,5,7.5,Mindful Cart,mindful_cart_010,Mindful Consumption,Online shoppers wanting intentional purchases,batch-specs-171643-prism-delta,2026-01-08,mindful_cart,Connect cart → Review items → Need vs want analysis → Confirm/remove,"Users battle shopping addiction, want mindful buying choices",unknown,False,,False,,low,none,,low,M,8h,low,low,Strong market signal with clear user demand,Market validation needed
105,6,7.5,PianoDaily,piano_practice_003,Simplified piano practice companion with clear daily structure,Adult beginners who tried complex piano apps and felt overwhelmed,factory-094718,2026-01-08,pianodaily,Complete daily 10-minute lesson → Practice technique exercises → Record practice session → Track weekly progress,Piano app users report 'some beginner lessons feel intermediate' and 'lack of structure a little overwhelming'. Need for 'proper technique guidance' without complexity.,unknown,False,,False,,low,none,,low,M,8h,low,low,Strong market signal with clear user demand,Market validation needed
106,5,7.5,Bookmark Clean,bookmark_clean_005,Personal data organization,People with cluttered browser bookmarks who need simple organization,batch-specs-010721-3472,2026-01-08T05:21:07Z,bookmark_clean,Import bookmarks → auto-categorize → remove duplicates → export clean list,Users overwhelmed by Notion customization prefer simple organization tools,unknown,False,,False,,low,none,,low,M,8h,low,low,Strong market signal with clear user demand,Market validation needed
107,5,7.5,Phone Plain,phone_plain_005,Mindful digital habits,Users seeking minimal phone experience,batch-specs-010718-5233,2026-01-08T02:07:18Z,phone_plain,Install launcher → phone becomes boring → reduced usage naturally,Minimal phone apps gaining popularity for reducing appeal,unknown,False,,False,,low,none,,low,M,8h,low,low,Strong market signal with clear user demand,Market validation needed
108,4,7.5,BoredomBuddy,boredombuddy_004,Diversified consumer life domains,Users seeking digital wellness who struggle with phone-free time and need structured alternatives to scrolling,batch-specs-213456,2026-01-07,boredombuddy,Select available time and current mood → Get personalized offline activity suggestions → Track completed activities and satisfaction,Digital wellness research shows users need 'activities to get rid of boredom without smartphone' wit...,unknown,False,,False,,low,none,,low,M,8h,low,low,Strong market signal with clear user demand,Market validation needed
109,5,7.5,CleanPlanner,digital_planner_005,Digital planner apps,PDF planner users who want the same clean layouts but with the convenience of a mobile app,diversified-signals-2026-01-07-run,2026-01-07,cleanplanner,Open today's clean page layout → Fill in planned items and priorities → Check off completed items → Page auto-resets for tomorrow,Gumroad/Etsy reviews: 'Wish there was an app version of this exact layout' and 'Digital planners in apps are never as clean as these PDFs',unknown,False,,False,,low,none,,low,M,8h,low,low,Strong market signal with clear user demand,Market validation needed
110,6,7.5,VitalPulse,energy_tracker_006,Energy pattern intelligence,People experiencing inconsistent energy levels who want to identify patterns without complex health tracking,market-batch-2026-01-07-run,2026-01-07,vitalpulse,Quick daily energy check-in → Log key activities and factors → Identify energy patterns → Get personalized energy optimization tips,Users say: 'I need to understand why I'm tired all the time' and 'wish I could predict my energy crashes',unknown,False,,False,,low,none,,low,M,8h,low,low,Strong market signal with clear user demand,Market validation needed
111,7,7.5,SimpleUtils,simpleutils_004,Collection of basic utility functions that work en...,Privacy-conscious users who need basic utility functions but avoid apps with excessive permission requests,batch-specs-204537,2026-01-07,simpleutils,Access utilities without any permissions → Use tools completely offline → No data collection or tracking → ...,Research shows 'six-in-ten downloaders have chosen not to install an app when they discovered how mu...,unknown,False,,False,,low,none,,low,M,8h,low,low,Strong market signal with clear user demand,Market validation needed
112,8,7.5,PauseSpace,pausespace_005,Flexible digital break app that creates intentiona...,Users seeking digital detox but frustrated with all-or-nothing blocking apps that don't fit their work schedules,batch-specs-201327,2026-01-07,pausespace,Schedule flexible pause periods → Enter gentle offline mode → Engage with intentional boredom activities → ...,"Digital detox research shows users frustrated with rigid blocking, citing 'you can't schedule sessio...",unknown,False,,False,,low,none,,low,M,8h,low,low,Strong market signal with clear user demand,Market validation needed
113,8,7.5,Simple Reminders Plus,simple_reminders_008,"['Seniors', 'who', 'want', 'to', 'set', 'medication,', 'appointment,', 'a']","Seniors who want to set medication, appointment, and daily task reminders without typing or complex interfaces",batch-specs-160132-meadow-spark,2026-01-07,simple_reminders_plus,Speak reminder into phone with simple voice commands,"Seniors need 'straightforward, senior-friendly interface' that 'respects simplicity and accessibilit...",client_only,False,,False,,low,none,,low,M,8h,low,low,Strong market signal with clear user demand,Market validation needed
114,6,7.4,Trip Anchor,trip_anchor_004,Travel,Frequent travelers overwhelmed by multiple travel apps,batch-specs-171643-prism-delta,2026-01-08,trip_anchor,Forward emails → Single screen view → Updates → Offline access,Travel logistics create overwhelming experiences with myriad options,unknown,False,,False,,low,none,,low,M,8h,low,low,Strong market signal with clear user demand,Market validation needed
115,3,7.4,Quick Creative Log,quick_creative_log_003,"['Independent', 'artists', 'and', 'creators', 'who', 'want', 'to', 'track']",Independent artists and creators who want to track creative output consistency without complex project management,batch-specs-160132-meadow-spark,2026-01-07,quick_creative_log,Quick daily entry: what did you create + time spent,Portfolio platforms have 'limitations' and 'less flexibility' while mobile apps offer 'simplicity' a...,client_only,False,,False,,low,none,,low,S,8h,low,low,Strong market signal with clear user demand,Market validation needed
116,6,7.4,Steady State Habits,steady_state_habits_006,People,People who have failed at traditional habit tracking due to perfectionist pressure and all-or-nothing thinking,app_factory_112152,2026-01-07,steady_state_habits,Set sustainable habit targets with built-in flexibility → Track steady progress with streak alternatives → Learn from lapses without losing momentum → Build long-term consistency through realistic expectations,Users report that traditional apps 'crush motivation if you miss a day or two' and need 'more realistic approach for many people' to habit formation.,client_only,False,,False,,low,optional,"Pattern learning for personalization, basic algorithms sufficient for MVP",low,S,4h,low,low,Addresses specific user pain point with clear evidence,Lower validation score suggests market validation needed
117,7,7.4,ChoiceLess,decision_helper_007,Decision automation,Decision-fatigued professionals who want to eliminate mental overhead from routine choices,market-batch-2026-01-07-run,2026-01-07,choiceless,Identify recurring decisions → Set decision rules and preferences → Auto-suggest choices based on rules → Refine rules based on satisfaction,Users report: 'Decision fatigue is killing my productivity' and 'I waste hours on trivial decisions',unknown,False,,False,,low,none,,low,M,8h,low,low,Strong market signal with clear user demand,Market validation needed
118,8,7.4,Creative Block Helper,creative_block_helper_008,Creative professionals experiencing,Creative professionals experiencing blocks who want helpful prompts without complex creative methodology training,app_factory_110218,2026-01-07,creative_block_helper,Request prompt when feeling blocked → Engage with simple creative exercise → Track what types of prompts help most → Build personal prompt library,Creators report needing 'block mitigation tools' and 'simple creative prompts' rather than 'complex creative systems',unknown,False,,False,,low,none,,low,M,8h,low,low,Strong market signal with clear user demand,Market validation needed
119,8,7.4,PausePoint,pausepoint_005,Micro-intervention app that creates thoughtful pau...,People who make impulsive decisions and want simple tools to pause and reflect without complex meditation practices,batch-specs-210945,2026-01-07,pausepoint,Set decision trigger categories → Get gentle pause notifications → Quick reflection prompts → ...,Impulse control research shows users need 'pause points before making decisions' and value 'external...,unknown,False,,False,,low,none,,low,M,8h,low,low,Strong market signal with clear user demand,Market validation needed
120,8,7.4,QuickRules,quickrules_008,Voice-activated personal rule system that creates ...,Professionals who want automation benefits but find existing tools too technical or time-consuming to set up,batch-specs-204537,2026-01-07,quickrules,Speak automation rules in natural language → System creates and activates rules → Monitor rule performance → ...,Productivity app users complain about 'steep learning curve' and need for apps that 'automate intell...,unknown,False,,False,,low,none,,low,M,8h,low,low,Strong market signal with clear user demand,Market validation needed
121,9,7.4,FieldTap,fieldtap_009,"['Single-tap', 'job', 'tracking']",Blue-collar workers who need basic job tracking without learning complex software or dealing with complicated interfaces,batch-specs-201250,2026-01-07,fieldtap,"Single tap to start job timer, Auto-detect location and project, Simple photo capture with timestamps...","Field worker complaints: 'construction teams don't have time to learn ropes of complex tools' and need 'simple, work on-site'...",unknown,False,,False,,low,none,,low,M,8h,low,low,Strong market signal with clear user demand,Market validation needed
122,10,7.4,MindfulMoments,mindfulmoments_010,Diversified consumer life domains,Mindfulness beginners who struggle with long meditation apps but want quick mental breaks throughout the day,batch-specs-213456,2026-01-07,mindfulmoments,Get prompted for quick mindfulness moments → Choose 1-5 minute mindfulness exercises → Complete offline breathing or awareness exercises,Digital wellness research shows users want 'digital detox activities' but need 'mindfulness and medi...,unknown,False,,False,,low,none,,low,M,8h,low,low,Strong market signal with clear user demand,Market validation needed
123,7,7.3,AccessCheck,access_check_008,Accessibility,People with disabilities checking physical space accessibility,batch-specs-171643-prism-delta,2026-01-08,access_check,Search place → View user reports → Add observations → Filter by needs,Accessibility tools fail without real disabled user testing,unknown,False,,False,,low,none,,low,M,8h,low,low,Strong market signal with clear user demand,Market validation needed
124,7,7.3,DotTracker,habit_visual_010,Minimalist habit tracker using simple dot marking,People who abandoned complex habit tracking apps but want simple progress visualization,factory-094718,2026-01-08,dottracker,Add habits with simple names → Tap to mark daily completion → See visual dot pattern emerge → Maintain streaks naturally,Users want 'simple habit tracking' without 'overwhelming workflows' that make tracking feel like work itself. Need visual progress that motivates without complexity.,unknown,False,,False,,low,none,,low,M,8h,low,low,Strong market signal with clear user demand,Market validation needed
125,6,7.3,Unit Convert,unit_convert_006,Lightweight utility tools,Users needing quick unit conversions without complex calculator apps,batch-specs-010721-3472,2026-01-08T05:21:07Z,unit_convert,Select units → enter value → see conversion instantly → copy result,Chrome extensions show demand for simple single-purpose utilities,unknown,False,,False,,low,none,,low,M,8h,low,low,Strong market signal with clear user demand,Market validation needed
126,6,7.3,Room Check,room_check_006,Home logistics simplification,Forgetful adults who lose items around house,batch-specs-010718-5233,2026-01-08T02:07:18Z,room_check,Place item → record location → search when needed → find quickly,Home organizing apps need straightforward approaches,unknown,False,,False,,low,none,,low,M,8h,low,low,Strong market signal with clear user demand,Market validation needed
127,2,7.3,Momentum,momentum_002,"['Simple', 'creative', 'project']",Freelancers and small creative teams who struggle with inconsistent project delivery and momentum loss,batch-specs-201250,2026-01-07,momentum,"Log project milestones with simple tap, Track delivery patterns over time, Get gentle warnings before momentum drops...",Creative platform analysis: 'Email threads are where creative momentum goes to die' and 'peaks and valleys signal scattered priorities or running on a...,unknown,False,,False,,low,none,,low,M,8h,low,low,Strong market signal with clear user demand,Market validation needed
128,4,7.3,Content Ready Prep,content_ready_prep_004,Content,Content creators frustrated by platform-specific formatting requirements and multi-step publishing workflows,app_factory_110218,2026-01-07,content_ready_prep,Create content in universal format → Preview across platform layouts → Generate platform-optimized versions → Export ready-to-post content packages,Users report 'complicated workflow issues in social media management' and 'too many steps' for multi-platform content,unknown,False,,False,,low,none,,low,M,8h,low,low,Strong market signal with clear user demand,Market validation needed
129,6,7.3,PersonalWiki,offline_wiki_006,Offline knowledge management,Knowledge workers tired of cloud-dependent note apps who want reliable offline access to their information,diversified-signals-2026-01-07-run,2026-01-07,personalwiki,Add pages for topics → Link related pages simply → Search all content offline → Information always accessible,Chrome Extension reviews wanting offline knowledge tools and YouTube comments about app dependency fatigue,unknown,False,,False,,low,none,,low,M,8h,low,low,Strong market signal with clear user demand,Market validation needed
130,7,7.3,TripEase,tripease_007,"['Last-minute', 'travel', 'assistant']",Spontaneous travelers and business travelers who often pack at the last minute and forget important items,batch-specs-170756,2026-01-07,tripease,"Enter departure time and destination, Get instant essential items checklist, Receive location-based reminders...","Travel comments show 'wait until last minute to pack, total NIGHTMARE', 'left important things at home'...",unknown,False,,False,,low,none,,low,M,8h,low,low,Strong market signal with clear user demand,Market validation needed
131,9,7.3,CreateFlow,createflow_006,Distraction-free creative workspace that blocks so...,Digital creators who struggle to maintain creative focus due to social media interruptions and algorithmic pressure,batch-specs-201327,2026-01-07,createflow,Start focused creative session → Work in distraction-free environment → Save work without sharing pressure → ...,Creative platform reviews emphasize need for authentic expression tools that aren't subject to algor...,unknown,False,,False,,low,none,,low,M,8h,low,low,Strong market signal with clear user demand,Market validation needed
132,9,7.3,MeetingZone,meetingzone_008,Smart meeting scheduler that finds optimal time sl...,Small team leaders and remote workers who struggle to find meeting times that work across different time zones,batch-specs-210945,2026-01-07,meetingzone,Input team member locations → Find overlapping work hours → Suggest optimal meeting times → ...,Remote work coordination shows users need 'one window of overlapping times where most employees can ...,unknown,False,,False,,low,none,,low,M,8h,low,low,Strong market signal with clear user demand,Market validation needed
133,9,7.3,PrivacyTools,privacytools_010,Audit tool that analyzes installed apps' permissio...,Privacy-conscious users who want to understand and minimize the data exposure from their installed apps,batch-specs-204537,2026-01-07,privacytools,Scan installed apps for permissions → Get privacy risk assessment → Discover minimal-permission alternatives → ...,Privacy research shows users concerned about 'permission abuse' and apps that 'collect and sell larg...,unknown,False,,False,,low,none,,low,M,8h,low,low,Strong market signal with clear user demand,Market validation needed
134,10,7.3,Travel Essentials,travel_essentials_010,"['Infrequent', 'travelers', 'who', 'want', 'to', 'ensure', 'they', ""don't""]",Infrequent travelers who want to ensure they don't forget important items without complex trip planning features,batch-specs-160132-meadow-spark,2026-01-07,travel_essentials,"Select trip type (business, leisure, international, domestic)",Travel apps 'overwhelm' users who want 'streamlined' tools that 'focus on essential' information wit...,client_only,False,,False,,low,none,,low,S,8h,low,low,Strong market signal with clear user demand,Market validation needed
135,8,7.2,Call Script,call_script_006,Personal Admin,Adults with phone anxiety for administrative calls,batch-specs-171643-prism-delta,2026-01-08,call_script,Select call type → Get script → Take notes → Save outcomes,Users overwhelmed by bureaucratic tasks seek admin simplification,unknown,False,,False,,low,none,,low,M,8h,low,low,Strong market signal with clear user demand,Market validation needed
136,8,7.2,CameraLingo,offline_translate_005,Offline camera text translator with local language packs,Travelers and international students who need reliable translation without data costs,factory-094718,2026-01-08,cameralingo,Download language pack once → Point camera at text → Tap to translate specific sections → Save translations for later reference,Google Translate users frustrated: 'automatically blocks out the original texts' and other apps 'make you upgrade after ONE translation'. Need for reliable offline camera translation.,unknown,False,,False,,low,none,,low,M,8h,low,low,Strong market signal with clear user demand,Market validation needed
137,5,7.2,Trip Stack,trip_stack_005,"['Casual', 'travelers', 'who', 'want', 'basic', 'trip', 'organization']",Casual travelers who want basic trip organization without complex itinerary features or social sharing,batch-specs-160132-meadow-spark,2026-01-07,trip_stack,"Add trip items to stack (flight, hotel, activity, packing item)",Popular travel apps are 'overwhelming due to complexity' while users prefer 'streamlined format' and...,client_only,False,,False,,low,none,,low,S,8h,low,low,Strong market signal with clear user demand,Market validation needed
138,7,7.2,Creative Context Notes,creative_context_notes_007,Creative professionals,Creative professionals who work on multiple projects and need to capture and connect inspiration across different contexts,app_factory_112152,2026-01-07,creative_context_notes,"Capture notes with automatic project context → Connect ideas across different creative projects → Search by project, mood, or inspiration type → Rediscover forgotten ideas when relevant",Creative productivity analysis shows value in 'bringing documents and tasks together' and need for creative-specific organizational tools.,client_only,False,,False,,low,none,,low,M,8h,low,low,Addresses specific user pain point with clear evidence,Lower validation score suggests market validation needed
139,8,7.2,RestRhythm,microbreak_coach_008,Intelligent micro-break coaching,Desk workers and remote professionals who skip breaks and experience burnout from continuous work,market-batch-2026-01-07-run,2026-01-07,restrhythm,Monitor work intensity patterns → Suggest personalized micro-breaks → Track recovery effectiveness → Optimize break timing and content,Users need: 'Reminders to take breaks that aren't annoying' and 'micro-recovery that fits into busy schedules',unknown,False,,False,,low,none,,low,M,8h,low,low,Strong market signal with clear user demand,Market validation needed
140,8,7.2,OfflineAdventure,offlineadventure_008,Diversified consumer life domains,Digital wellness enthusiasts who want to reduce screen time but need motivation and structure for offline activities,batch-specs-213456,2026-01-07,offlineadventure,Choose offline activity categories to explore → Complete activities and earn achievement badges → Track offline time and activity completion,Digital detox research shows users seeking '200 activities to do instead of being on your phone' wit...,unknown,False,,False,,low,none,,low,M,8h,low,low,Strong market signal with clear user demand,Market validation needed
141,10,7.2,GuideMe,guideme_009,Step-by-step video guidance app for older adults l...,"Older adults who feel anxious about technology and need patient, clear guidance for basic smartphone functions",batch-specs-201327,2026-01-07,guideme,Choose task from simple menu → Watch step-by-step video guide → Practice with gentle prompts → ...,Senior app research shows older users prefer 'video tutorials' over written instructions with need f...,unknown,False,,False,,low,none,,low,M,8h,low,low,Strong market signal with clear user demand,Market validation needed
142,10,7.2,MemeStash,memestash_005,Personal meme and reaction image organizer with sm...,Heavy social media users who collect memes and reaction images but struggle to find and organize them effectively,batch-specs-204537,2026-01-07,memestash,Save memes from various sources → Auto-tag with AI recognition → Quick search by mood/context → ...,"Content management studies show 'content scattered across departments, platforms and authoring tools...",unknown,False,,False,,low,none,,low,M,8h,low,low,Strong market signal with clear user demand,Market validation needed
143,7,7.1,Word Daily,word_daily_007,Learning practice companions,Vocabulary learners wanting simple daily word practice,batch-specs-010721-3472,2026-01-08T05:21:07Z,word_daily,Get daily word → learn definition → practice in context → mark learned,Learning apps criticized for complex setup vs apps that just open and start,unknown,False,,False,,low,none,,low,M,8h,low,low,Strong market signal with clear user demand,Market validation needed
144,7,7.1,Sketch Snap,sketch_snap_007,Creative output tracking,Visual artists who want to capture daily sketching progress,batch-specs-010718-5233,2026-01-08T02:07:18Z,sketch_snap,Take photo of todays sketch → add to visual timeline → see progress over time,Creative professionals want tools focused on creative work not admin,unknown,False,,False,,low,none,,low,M,8h,low,low,Strong market signal with clear user demand,Market validation needed
145,2,7.1,MemeCache,memecache_002,"['Visual', 'meme', 'organization']",Active social media users who save hundreds of memes but struggle to find the right one when needed,batch-specs-170756,2026-01-07,memecache,"Save memes from any app/browser, Auto-categorize by mood, topic, format, Search by text, emotion, or visual similarity...",Digital organization research shows users struggle with 'too messy' photo libraries and 'can't find' specific content when needed...,unknown,False,,False,,low,none,,low,M,8h,low,low,Strong market signal with clear user demand,Market validation needed
146,6,7.1,Simple Habit Dots,simple_habit_dots_006,People who want,People who want visual habit tracking without subscription limitations or complex goal-setting features,app_factory_110218,2026-01-07,simple_habit_dots,Add habit with chosen color → Tap dot to mark completion → View visual calendar pattern → Celebrate streak milestones,Users frustrated by 'artificial limits' in free versions and 'hitting roadblock' with feature restrictions,unknown,False,,False,,low,none,,low,M,8h,low,low,Strong market signal with clear user demand,Market validation needed
147,7,7.1,CreativePulse,creativepulse_007,"['Simple', 'creative', 'energy']",Independent creatives who struggle with inconsistent output and want to understand their creative energy patterns,batch-specs-201250,2026-01-07,creativepulse,"Daily creative energy check-in, Log creative work completed, Track energy vs. output patterns...","Creative analysis: 'when creatives burn out unnoticed, you're paying for tired, ineffective output' and momentum tracking issues...",unknown,False,,False,,low,none,,low,M,8h,low,low,Strong market signal with clear user demand,Market validation needed
148,7,7.1,EnergyLog,energy_tracker_007,Personal energy management,People who want to understand their energy patterns without complex health tracking or biometric integration,diversified-signals-2026-01-07-run,2026-01-07,energylog,Rate morning energy level → Log major energy drains/gains → See weekly energy patterns → Adjust schedule based on patterns,YouTube comments about energy management and Reddit confirmation of daily energy pattern interest,unknown,False,,False,,low,none,,low,M,8h,low,low,Strong market signal with clear user demand,Market validation needed
149,10,7.1,PermissionCheck,permissioncheck_009,App permission auditor that helps users understand...,Privacy-aware users who install many apps but struggle to monitor and control permission requests over time,batch-specs-210945,2026-01-07,permissioncheck,Scan installed app permissions → Highlight unnecessary requests → Suggest permission changes → ...,"Privacy studies show users need tools to 'regularly delete unnecessary apps, revoke excessive privac...",unknown,False,,False,,low,none,,low,M,8h,low,low,Strong market signal with clear user demand,Market validation needed
150,9,7.0,Creative Trace,creative_trace_007,Creative Workflows,Artists wanting creative time awareness without project management,batch-specs-171643-prism-delta,2026-01-08,creative_trace,Start timer → Stop timer → View patterns → Celebrate streaks,Creatives need momentum tools without complex processes,unknown,False,,False,,low,none,,low,M,8h,low,low,Strong market signal with clear user demand,Market validation needed
151,9,7.0,StarChart,kids_reward_008,Simple digital star chart for kids with minimal setup,Parents of children ages 3-8 who want simple behavior tracking,factory-094718,2026-01-08,starchart,Set simple daily tasks → Tap to give stars immediately → Watch visual progress bar fill → Celebrate weekly achievements,"Parents say reward chart apps 'require a time-consuming set-up, and parents tend to quit halfway through'. Need apps that are 'easy to use' without overwhelming features.",unknown,False,,False,,low,none,,low,M,8h,low,low,Strong market signal with clear user demand,Market validation needed
152,7,7.0,Pocket Portfolio,pocket_portfolio_007,"['Visual', 'artists', 'who', 'need', 'to', 'show', 'their', 'work', 'during']","Visual artists who need to show their work during in-person meetings, markets, or casual conversations",batch-specs-160132-meadow-spark,2026-01-07,pocket_portfolio,Upload artwork with one-sentence descriptions,Portfolio sites have 'limited customization' and 'lack features' while requiring expensive plans for...,client_only,False,,False,,low,none,,low,S,8h,low,low,Strong market signal with clear user demand,Market validation needed
153,8,7.0,Gentle Accountability,gentle_accountability_008,People,People who benefit from accountability but find traditional systems too pressured or shame-inducing,app_factory_112152,2026-01-07,gentle_accountability,Set personal goals with flexible accountability → Share progress in supportive community environment → Give and receive gentle encouragement → Celebrate all forms of progress without comparison,Research shows value of 'community accountability with daily progress tracking' but many struggle with pressure and judgment in traditional systems.,light_backend,True,Community features require user interaction and data sharing,False,,low,none,,low,M,8h,medium,low,Addresses specific user pain point with clear evidence,Lower validation score suggests market validation needed
154,9,7.0,AnchorPoints,routine_stabilizer_009,Flexible routine management,People with variable schedules who want routine benefits without rigidity that breaks under life pressure,market-batch-2026-01-07-run,2026-01-07,anchorpoints,Define essential routine anchors → Track routine adherence vs disruptions → Adapt routines to changing circumstances → Maintain core stability through change,Users struggle with: 'My routine falls apart constantly' and 'need something that adapts when life gets chaotic',unknown,False,,False,,low,none,,low,M,8h,low,low,Strong market signal with clear user demand,Market validation needed
155,10,6.9,Travel Essential,travel_essential_009,Travel,Occasional travelers wanting simple trip preparation,batch-specs-171643-prism-delta,2026-01-08,travel_essential,Enter destination → Get packing list → Check off items → Departure reminder,"Travel planning described as daunting, users want simple alternatives",unknown,False,,False,,low,none,,low,M,8h,low,low,Strong market signal with clear user demand,Market validation needed
156,8,6.9,Link Save,link_save_008,Personal data organization,Users who save links but never organize or find them later,batch-specs-010721-3472,2026-01-08T05:21:07Z,link_save,Save link → auto-categorize by content → search when needed → find quickly,Users prefer super bare bones apps over complex organization systems,unknown,False,,False,,low,none,,low,M,8h,low,low,Strong market signal with clear user demand,Market validation needed
157,8,6.9,Large Text,large_text_008,Accessibility-friendly utilities,Users with vision difficulties needing text magnification,batch-specs-010718-5233,2026-01-08T02:07:18Z,large_text,Point camera at text → see enlarged text instantly → read comfortably,Accessibility apps often become barriers due to complexity,unknown,False,,False,,low,none,,low,M,8h,low,low,Strong market signal with clear user demand,Market validation needed
158,8,6.9,ChoiceSimple,decision_helper_008,Decision support tools,Decision-fatigued individuals who want structured thinking tools without AI or complex analysis,diversified-signals-2026-01-07-run,2026-01-07,choicesimple,Enter decision to make → List pros and cons simply → Rate importance of each factor → See visual summary to clarify thinking,Twitter replies about decision fatigue and YouTube comments about daily choice overload,unknown,False,,False,,low,none,,low,M,8h,low,low,Strong market signal with clear user demand,Market validation needed
159,8,6.9,MemoMood,memomood_008,"['Emotion-based', 'memory', 'organizer']",People who save inspiring content but struggle to find the right piece when they need emotional support or motivation,batch-specs-170756,2026-01-07,memomood,"Save content with emotion tags, Browse by mood or feeling, Search for content by emotional need...","Digital content organization shows users can't find specific content when needed, especially contextual/emotional content...",unknown,False,,False,,low,none,,low,M,8h,low,low,Strong market signal with clear user demand,Market validation needed
160,10,6.8,QuickSounds,meme_soundboard_006,Ad-free meme soundboard with guaranteed playback,Social media users and gamers who want quick access to meme sounds,factory-094718,2026-01-08,quicksounds,Browse sound categories → Tap for instant playback → Favorite frequently used sounds → Share sounds to social apps,Soundboard users hate 'pop ups every 5 seconds' and 'TWO 15-30 second ads that you can't skip'. Want simple soundboards where 'not a single one of them would play anything' is fixed.,unknown,False,,False,,low,none,,low,M,8h,low,low,Strong market signal with clear user demand,Market validation needed
161,4,6.8,PosturePal,posturepal_004,"['Smart', 'posture', 'coaching']",Office workers with back/neck pain who find existing posture apps too intrusive or inaccurate,batch-specs-170756,2026-01-07,posturepal,"Set up comfortable baseline posture, Receive gentle vibration when slouching detected, Track posture improvement over time...","Posture app reviews cite 'very sensitive default settings' causing 'false alerts for eating', users want solutions that are 'less annoying'...",unknown,False,,False,,low,none,,low,M,8h,low,low,Strong market signal with clear user demand,Market validation needed
162,9,6.8,Daily Wins Log,daily_wins_log_009,"['People', 'seeking', 'simple', 'daily', 'positivity', 'practices', 'w']",People seeking simple daily positivity practices without complex journaling or meditation apps,batch-specs-160132-meadow-spark,2026-01-07,daily_wins_log,Daily notification asks: What went well today?,Users want 'beginner-friendly' alternatives to complex apps that 'don't require programming or a lot...,client_only,False,,False,,low,none,,low,S,8h,low,low,Strong market signal with clear user demand,Market validation needed
163,10,6.8,AttentionLab,focus_physics_010,Personalized attention training,Neurodivergent individuals and those with attention challenges who don't fit standard focus app approaches,market-batch-2026-01-07-run,2026-01-07,attentionlab,Assess individual attention patterns → Try different focus techniques → Track effectiveness by cognitive type → Personalize attention training program,Users frustrated: 'Focus apps are one-size-fits-all' and 'need something that understands my ADHD/attention patterns',unknown,False,,False,,low,none,,low,M,8h,low,low,Strong market signal with clear user demand,Market validation needed
164,9,6.7,Group Split,group_split_009,Social coordination helpers,Friends who need simple bill splitting without complex expense tracking,batch-specs-010721-3472,2026-01-08T05:21:07Z,group_split,Enter total amount → select who pays → see individual amounts → send payment info,Social coordination apps need to reduce mental load with simple interfaces,unknown,False,,False,,low,none,,low,M,8h,low,low,Strong market signal with clear user demand,Market validation needed
165,9,6.7,Travel Weather,travel_weather_009,Travel preparation helpers,Travelers who pack wrong clothes for destination weather,batch-specs-010718-5233,2026-01-08T02:07:18Z,travel_weather,Enter destination and dates → see weather-based clothing suggestions → pack appropriately,Travel apps suffer from cluttered overwhelming feature sets,unknown,False,,False,,low,none,,low,M,8h,low,low,Strong market signal with clear user demand,Market validation needed
166,9,6.7,GentleBreaks,screen_break_009,Wellness break reminders,Screen workers who want break awareness but find existing apps too aggressive or shame-inducing,diversified-signals-2026-01-07-run,2026-01-07,gentlebreaks,Set gentle reminder preferences → Receive subtle break suggestions → Choose to take break or dismiss → No tracking or guilt for skipping,Chrome Extension reviews wanting less aggressive break reminders and YouTube comments about notification fatigue,unknown,False,,False,,low,none,,low,M,8h,low,low,Strong market signal with clear user demand,Market validation needed
167,10,6.5,Water Track,water_track_010,Wellness habit formation,Users wanting simple water intake tracking without wellness app complexity,batch-specs-010721-3472,2026-01-08T05:21:07Z,water_track,Tap to log water → see daily progress → get gentle reminders → track streak,Habit tracking apps praised for being simple enough for quick daily check-ins,unknown,False,,False,,low,none,,low,M,8h,low,low,Strong market signal with clear user demand,Market validation needed
168,10,6.5,App Pause,app_pause_010,Mindful digital habits,Users who want to break autopilot app opening habits,batch-specs-010718-5233,2026-01-08T02:07:18Z,app_pause,Select distracting apps → app creates pause when opening → moment to reconsider → choose intentionally,Apps like One Sec popular for breaking autopilot scrolling habits,unknown,False,,False,,low,none,,low,M,8h,low,low,Strong market signal with clear user demand,Market validation needed
169,10,6.5,MoodDots,mood_dot_010,Simple mood awareness,People interested in mood awareness who find dedicated mental health apps too clinical or complex,diversified-signals-2026-01-07-run,2026-01-07,mooddots,Tap daily mood color → See mood pattern calendar → Notice trends visually → Optional brief note about day,App Store reviews wanting simpler mood tracking and YouTube comments about mental health app complexity,unknown,False,,False,,low,none,,low,M,8h,low,low,Strong market signal with clear user demand,Market validation needed
170,10,6.5,SitSmart,sitsmart_010,"['Phone-based', 'posture', 'trainer']",Remote workers with non-standard desk setups who can't use traditional posture apps due to camera positioning,batch-specs-170756,2026-01-07,sitsmart,"Calibrate app to your specific desk setup, Get posture feedback adapted to your camera angle, Receive gentle correction prompts...","Posture app complaints of 'camera doesn't face me directly', 'only see front view', need solutions for varied office setups...",unknown,False,,False,,low,none,,low,M,8h,low,low,Strong market signal with clear user demand,Market validation needed
